"","x"
"1","D_0__Bacteria; D_1__Cyanobacteria; D_2__Oxyphotobacteria; D_3__Chloroplast; D_4__Cercis gigantea; D_5__Cercis gigantea; D_6__Cercis gigantea"
"2","D_0__Bacteria; D_1__Proteobacteria; D_2__Alphaproteobacteria; D_3__Rickettsiales; D_4__Mitochondria"
"3","D_0__Bacteria; D_1__Cyanobacteria; D_2__Oxyphotobacteria; D_3__Chloroplast"
"4","D_0__Bacteria; D_1__Proteobacteria; D_2__Alphaproteobacteria; D_3__Rickettsiales; D_4__Mitochondria"
"5","D_0__Bacteria; D_1__Cyanobacteria; D_2__Oxyphotobacteria; D_3__Chloroplast"
"6","D_0__Bacteria; D_1__Cyanobacteria; D_2__Oxyphotobacteria; D_3__Chloroplast"
"7","D_0__Bacteria; D_1__Proteobacteria; D_2__Alphaproteobacteria; D_3__Rickettsiales; D_4__Mitochondria"
"8","D_0__Bacteria; D_1__Proteobacteria; D_2__Alphaproteobacteria; D_3__Rickettsiales; D_4__Mitochondria; D_5__Gleditsia sinensis; D_6__Gleditsia sinensis"
"9","D_0__Bacteria; D_1__Cyanobacteria; D_2__Oxyphotobacteria; D_3__Chloroplast; D_4__Gossypium arboreum; D_5__Gossypium arboreum; D_6__Gossypium arboreum"
"10","D_0__Bacteria; D_1__Proteobacteria; D_2__Alphaproteobacteria; D_3__Rickettsiales; D_4__Mitochondria"
"11","D_0__Bacteria; D_1__Proteobacteria; D_2__Gammaproteobacteria; D_3__Gammaproteobacteria Incertae Sedis; D_4__Unknown Family; D_5__Acidibacter; D_6__uncultured gamma proteobacterium"
"12","D_0__Bacteria; D_1__Proteobacteria; D_2__Gammaproteobacteria; D_3__Pseudomonadales; D_4__Pseudomonadaceae; D_5__Pseudomonas"
"13","D_0__Bacteria; D_1__Cyanobacteria; D_2__Oxyphotobacteria; D_3__Chloroplast"
"14","D_0__Bacteria; D_1__Cyanobacteria; D_2__Oxyphotobacteria; D_3__Chloroplast"
"15","D_0__Bacteria; D_1__Firmicutes; D_2__Bacilli; D_3__Bacillales; D_4__Bacillaceae; D_5__Bacillus"
"16","D_0__Bacteria; D_1__Firmicutes; D_2__Bacilli; D_3__Bacillales; D_4__Bacillaceae; D_5__Bacillus"
"17","D_0__Bacteria; D_1__Firmicutes; D_2__Bacilli; D_3__Bacillales; D_4__Listeriaceae; D_5__Listeria; D_6__Listeria monocytogenes"
"18","D_0__Bacteria; D_1__Proteobacteria; D_2__Gammaproteobacteria; D_3__Enterobacteriales; D_4__Enterobacteriaceae; D_5__Escherichia-Shigella; D_6__Escherichia coli"
"19","D_0__Bacteria; D_1__Cyanobacteria; D_2__Oxyphotobacteria; D_3__Chloroplast; D_4__Chenopodium quinoa (quinoa); D_5__Chenopodium quinoa (quinoa); D_6__Chenopodium quinoa (quinoa)"
"20","D_0__Bacteria; D_1__Cyanobacteria; D_2__Oxyphotobacteria; D_3__Chloroplast"
"21","D_0__Bacteria; D_1__Firmicutes; D_2__Bacilli; D_3__Lactobacillales; D_4__Enterococcaceae; D_5__Enterococcus; D_6__Enterococcus faecalis"
"22","D_0__Bacteria; D_1__Firmicutes; D_2__Bacilli; D_3__Bacillales; D_4__Staphylococcaceae; D_5__Staphylococcus; D_6__Staphylococcus aureus"
"23","D_0__Bacteria; D_1__Firmicutes; D_2__Bacilli; D_3__Bacillales; D_4__Alicyclobacillaceae; D_5__Alicyclobacillus"
"24","D_0__Bacteria; D_1__Firmicutes; D_2__Bacilli; D_3__Lactobacillales; D_4__Lactobacillaceae; D_5__Lactobacillus; D_6__Lactobacillus fermentum"
"25","D_0__Bacteria; D_1__Proteobacteria; D_2__Gammaproteobacteria; D_3__Enterobacteriales; D_4__Enterobacteriaceae; D_5__Raoultella; D_6__Raoultella ornithinolytica"
"26","D_0__Bacteria; D_1__Bacteroidetes; D_2__Bacteroidia; D_3__Flavobacteriales; D_4__Weeksellaceae; D_5__Chryseobacterium"
"27","D_0__Bacteria; D_1__Proteobacteria; D_2__Gammaproteobacteria; D_3__Betaproteobacteriales; D_4__Burkholderiaceae; D_5__Paenalcaligenes"
"28","D_0__Bacteria; D_1__Cyanobacteria; D_2__Oxyphotobacteria; D_3__Chloroplast"
"29","D_0__Bacteria; D_1__Cyanobacteria; D_2__Oxyphotobacteria; D_3__Chloroplast; D_4__Ammopiptanthus mongolicus; D_5__Ammopiptanthus mongolicus; D_6__Ammopiptanthus mongolicus"
"30","D_0__Bacteria; D_1__Cyanobacteria; D_2__Oxyphotobacteria; D_3__Chloroplast"
"31","D_0__Bacteria; D_1__Proteobacteria; D_2__Gammaproteobacteria; D_3__Pseudomonadales; D_4__Moraxellaceae; D_5__Acinetobacter"
"32","D_0__Bacteria; D_1__Proteobacteria; D_2__Gammaproteobacteria; D_3__Pseudomonadales; D_4__Pseudomonadaceae; D_5__Pseudomonas"
"33","D_0__Bacteria; D_1__Proteobacteria; D_2__Gammaproteobacteria; D_3__Pseudomonadales; D_4__Pseudomonadaceae; D_5__Pseudomonas"
"34","D_0__Bacteria; D_1__Proteobacteria; D_2__Alphaproteobacteria; D_3__Rickettsiales; D_4__Mitochondria"
"35","D_0__Bacteria; D_1__Proteobacteria; D_2__Gammaproteobacteria; D_3__Pseudomonadales; D_4__Pseudomonadaceae; D_5__Pseudomonas"
"36","D_0__Bacteria; D_1__Proteobacteria; D_2__Alphaproteobacteria; D_3__Rickettsiales; D_4__Mitochondria; D_5__Triticum urartu; D_6__Triticum urartu"
"37","D_0__Bacteria; D_1__Proteobacteria; D_2__Gammaproteobacteria; D_3__Pseudomonadales; D_4__Moraxellaceae; D_5__Psychrobacter"
"38","D_0__Bacteria; D_1__Proteobacteria; D_2__Gammaproteobacteria; D_3__Betaproteobacteriales; D_4__Burkholderiaceae; D_5__Massilia"
"39","D_0__Bacteria; D_1__Proteobacteria; D_2__Alphaproteobacteria; D_3__Rickettsiales; D_4__Mitochondria"
"40","D_0__Bacteria; D_1__Cyanobacteria; D_2__Oxyphotobacteria; D_3__Chloroplast; D_4__uncultured bacterium; D_5__uncultured bacterium; D_6__uncultured bacterium"
"41","D_0__Bacteria; D_1__Cyanobacteria; D_2__Oxyphotobacteria; D_3__Chloroplast"
"42","D_0__Bacteria; D_1__Firmicutes; D_2__Bacilli; D_3__Bacillales; D_4__Alicyclobacillaceae; D_5__Alicyclobacillus; D_6__uncultured bacterium"
"43","D_0__Bacteria; D_1__Cyanobacteria; D_2__Oxyphotobacteria; D_3__Chloroplast; D_4__uncultured prokaryote; D_5__uncultured prokaryote; D_6__uncultured prokaryote"
"44","D_0__Bacteria; D_1__Proteobacteria; D_2__Alphaproteobacteria; D_3__Rhodobacterales; D_4__Rhodobacteraceae; D_5__Paracoccus"
"45","D_0__Bacteria; D_1__Actinobacteria; D_2__Actinobacteria; D_3__Micrococcales; D_4__Micrococcaceae; D_5__Micrococcus; D_6__Micrococcus luteus"
"46","D_0__Bacteria; D_1__Proteobacteria; D_2__Gammaproteobacteria; D_3__Xanthomonadales; D_4__Xanthomonadaceae; D_5__Stenotrophomonas; D_6__uncultured bacterium"
"47","D_0__Bacteria; D_1__Firmicutes; D_2__Bacilli; D_3__Lactobacillales; D_4__Enterococcaceae; D_5__Vagococcus; D_6__uncultured Vagococcus sp."
"48","D_0__Bacteria; D_1__Bacteroidetes; D_2__Bacteroidia; D_3__Flavobacteriales; D_4__Flavobacteriaceae; D_5__Myroides"
"49","D_0__Bacteria; D_1__Proteobacteria; D_2__Alphaproteobacteria; D_3__Rickettsiales; D_4__Mitochondria"
"50","D_0__Bacteria; D_1__Actinobacteria; D_2__Thermoleophilia; D_3__Solirubrobacterales; D_4__Solirubrobacteraceae; D_5__uncultured"
"51","D_0__Bacteria; D_1__Proteobacteria; D_2__Gammaproteobacteria; D_3__Pseudomonadales; D_4__Pseudomonadaceae; D_5__Pseudomonas; D_6__metagenome"
"52","D_0__Bacteria; D_1__Proteobacteria; D_2__Gammaproteobacteria; D_3__Xanthomonadales; D_4__Rhodanobacteraceae; D_5__Rhodanobacter"
"53","D_0__Bacteria; D_1__Proteobacteria; D_2__Alphaproteobacteria; D_3__Caulobacterales; D_4__Caulobacteraceae; D_5__uncultured"
"54","D_0__Bacteria; D_1__Cyanobacteria; D_2__Oxyphotobacteria; D_3__Chloroplast; D_4__uncultured prokaryote; D_5__uncultured prokaryote; D_6__uncultured prokaryote"
"55","D_0__Bacteria; D_1__Proteobacteria; D_2__Alphaproteobacteria; D_3__Rickettsiales; D_4__Mitochondria"
"56","D_0__Bacteria; D_1__Actinobacteria; D_2__Actinobacteria; D_3__Frankiales; D_4__Acidothermaceae; D_5__Acidothermus; D_6__uncultured soil bacterium"
"57","D_0__Bacteria; D_1__Firmicutes; D_2__Bacilli; D_3__Bacillales; D_4__Alicyclobacillaceae; D_5__Alicyclobacillus"
"58","D_0__Bacteria; D_1__Proteobacteria; D_2__Gammaproteobacteria; D_3__Betaproteobacteriales; D_4__Burkholderiaceae; D_5__uncultured"
"59","D_0__Bacteria; D_1__Firmicutes; D_2__Bacilli; D_3__Bacillales; D_4__Bacillaceae; D_5__Virgibacillus"
"60","D_0__Bacteria; D_1__Cyanobacteria; D_2__Oxyphotobacteria; D_3__Chloroplast; D_4__Citrus maxima; D_5__Citrus maxima; D_6__Citrus maxima"
"61","D_0__Bacteria; D_1__Firmicutes; D_2__Clostridia; D_3__Clostridiales; D_4__Family XVII; D_5__uncultured; D_6__uncultured Clostridia bacterium"
"62","D_0__Bacteria; D_1__Firmicutes; D_2__Bacilli; D_3__Bacillales; D_4__Paenibacillaceae; D_5__Paenibacillus; D_6__uncultured Paenibacillus sp."
"63","D_0__Bacteria; D_1__Proteobacteria; D_2__Gammaproteobacteria; D_3__Enterobacteriales; D_4__Enterobacteriaceae; D_5__Salmonella"
"64","D_0__Bacteria; D_1__Proteobacteria; D_2__Gammaproteobacteria; D_3__Pseudomonadales; D_4__Moraxellaceae; D_5__Acinetobacter; D_6__Acinetobacter sp. IGCAR-9/07"
"65","D_0__Bacteria; D_1__Proteobacteria; D_2__Gammaproteobacteria; D_3__Pseudomonadales; D_4__Pseudomonadaceae; D_5__Pseudomonas"
"66","D_0__Bacteria; D_1__Cyanobacteria; D_2__Oxyphotobacteria; D_3__Chloroplast; D_4__uncultured bacterium; D_5__uncultured bacterium; D_6__uncultured bacterium"
"67","D_0__Bacteria; D_1__Firmicutes; D_2__Bacilli; D_3__Bacillales; D_4__Alicyclobacillaceae; D_5__Alicyclobacillus"
"68","D_0__Bacteria; D_1__Proteobacteria; D_2__Alphaproteobacteria; D_3__Rhizobiales; D_4__Rhizobiaceae; D_5__Allorhizobium-Neorhizobium-Pararhizobium-Rhizobium"
"69","D_0__Bacteria; D_1__Proteobacteria; D_2__Alphaproteobacteria; D_3__Rhizobiales; D_4__Xanthobacteraceae; D_5__Bradyrhizobium"
"70","D_0__Bacteria; D_1__Firmicutes; D_2__Bacilli; D_3__Bacillales; D_4__Paenibacillaceae; D_5__Paenibacillus"
"71","D_0__Bacteria; D_1__Proteobacteria; D_2__Gammaproteobacteria; D_3__Xanthomonadales; D_4__Xanthomonadaceae; D_5__Stenotrophomonas"
"72","D_0__Bacteria; D_1__Proteobacteria; D_2__Alphaproteobacteria; D_3__Caulobacterales; D_4__Caulobacteraceae"
"73","D_0__Bacteria; D_1__Proteobacteria; D_2__Alphaproteobacteria; D_3__Rickettsiales; D_4__Mitochondria"
"74","D_0__Bacteria; D_1__Proteobacteria; D_2__Alphaproteobacteria; D_3__Rickettsiales; D_4__Mitochondria"
"75","D_0__Bacteria; D_1__Bacteroidetes; D_2__Bacteroidia; D_3__Flavobacteriales; D_4__Flavobacteriaceae; D_5__Capnocytophaga; D_6__unidentified"
"76","D_0__Bacteria; D_1__Firmicutes; D_2__Clostridia; D_3__Thermoanaerobacterales; D_4__Family III; D_5__Thermoanaerobacterium"
"77","D_0__Bacteria; D_1__Firmicutes; D_2__Bacilli; D_3__Lactobacillales; D_4__Lactobacillaceae; D_5__Lactobacillus; D_6__Lactobacillus fermentum"
"78","D_0__Bacteria; D_1__Actinobacteria; D_2__Actinobacteria; D_3__Micrococcales; D_4__Microbacteriaceae; D_5__Okibacterium"
"79","D_0__Bacteria; D_1__Bacteroidetes; D_2__Bacteroidia; D_3__Bacteroidales; D_4__Prevotellaceae; D_5__Prevotella"
"80","D_0__Bacteria; D_1__Proteobacteria; D_2__Gammaproteobacteria; D_3__Betaproteobacteriales; D_4__Burkholderiaceae; D_5__Alicycliphilus"
"81","D_0__Bacteria; D_1__Proteobacteria; D_2__Gammaproteobacteria; D_3__Pseudomonadales; D_4__Pseudomonadaceae; D_5__Pseudomonas; D_6__Pseudomonas aeruginosa"
"82","D_0__Bacteria; D_1__Proteobacteria; D_2__Alphaproteobacteria; D_3__Rhizobiales; D_4__Xanthobacteraceae; D_5__uncultured; D_6__uncultured bacterium"
"83","D_0__Bacteria; D_1__Proteobacteria; D_2__Gammaproteobacteria; D_3__Aeromonadales; D_4__Aeromonadaceae; D_5__Aeromonas; D_6__Aeromonas salmonicida"
"84","D_0__Bacteria; D_1__Proteobacteria; D_2__Gammaproteobacteria; D_3__Betaproteobacteriales; D_4__Neisseriaceae; D_5__Neisseria"
"85","D_0__Bacteria; D_1__Actinobacteria; D_2__Actinobacteria; D_3__Micrococcales; D_4__Micrococcaceae; D_5__Rothia; D_6__uncultured bacterium"
"86","D_0__Bacteria; D_1__Actinobacteria; D_2__Actinobacteria; D_3__Corynebacteriales; D_4__Corynebacteriaceae; D_5__Corynebacterium 1"
"87","D_0__Bacteria; D_1__Firmicutes; D_2__Bacilli; D_3__Lactobacillales; D_4__Streptococcaceae; D_5__Streptococcus; D_6__Streptococcus pneumoniae"
"88","D_0__Bacteria; D_1__Actinobacteria; D_2__Actinobacteria; D_3__Corynebacteriales; D_4__Corynebacteriaceae; D_5__Corynebacterium 1"
"89","D_0__Bacteria; D_1__Firmicutes; D_2__Bacilli; D_3__Lactobacillales; D_4__Enterococcaceae; D_5__Enterococcus; D_6__uncultured bacterium"
"90","D_0__Bacteria; D_1__Cyanobacteria; D_2__Oxyphotobacteria; D_3__Chloroplast; D_4__Cercis gigantea; D_5__Cercis gigantea; D_6__Cercis gigantea"
"91","D_0__Bacteria; D_1__Proteobacteria; D_2__Alphaproteobacteria; D_3__Rhizobiales; D_4__Xanthobacteraceae; D_5__Rhodoplanes; D_6__uncultured bacterium"
"92","D_0__Bacteria; D_1__Proteobacteria; D_2__Alphaproteobacteria; D_3__Rhizobiales; D_4__Rhizobiaceae"
"93","D_0__Bacteria; D_1__Acidobacteria; D_2__Acidobacteriia; D_3__Acidobacteriales; D_4__Acidobacteriaceae (Subgroup 1); D_5__Occallatibacter"
"94","D_0__Bacteria; D_1__Proteobacteria; D_2__Gammaproteobacteria; D_3__Pseudomonadales; D_4__Pseudomonadaceae; D_5__Pseudomonas"
"95","D_0__Bacteria; D_1__Proteobacteria; D_2__Alphaproteobacteria; D_3__Rhizobiales; D_4__Xanthobacteraceae; D_5__uncultured"
"96","D_0__Bacteria; D_1__Firmicutes; D_2__Bacilli; D_3__Bacillales; D_4__Paenibacillaceae; D_5__Paenibacillus; D_6__metagenome"
"97","D_0__Bacteria; D_1__Actinobacteria; D_2__Actinobacteria; D_3__Corynebacteriales; D_4__Corynebacteriaceae; D_5__Corynebacterium 1"
"98","D_0__Bacteria; D_1__Firmicutes; D_2__Bacilli; D_3__Bacillales; D_4__Alicyclobacillaceae; D_5__Alicyclobacillus; D_6__uncultured bacterium"
"99","D_0__Bacteria; D_1__Acidobacteria; D_2__Acidobacteriia; D_3__Acidobacteriales; D_4__uncultured; D_5__uncultured bacterium; D_6__uncultured bacterium"
"100","D_0__Bacteria; D_1__Bacteroidetes; D_2__Bacteroidia; D_3__Flavobacteriales; D_4__Weeksellaceae; D_5__Chryseobacterium"
"101","D_0__Bacteria; D_1__Firmicutes; D_2__Bacilli; D_3__Bacillales; D_4__Bacillaceae; D_5__Bacillus; D_6__Bacillus subtilis"
"102","D_0__Bacteria; D_1__Firmicutes; D_2__Bacilli; D_3__Bacillales; D_4__Bacillaceae; D_5__Bacillus"
"103","D_0__Bacteria; D_1__Actinobacteria; D_2__Actinobacteria; D_3__Micrococcales; D_4__Micrococcaceae; D_5__Kocuria"
"104","D_0__Bacteria; D_1__Firmicutes; D_2__Bacilli; D_3__Bacillales; D_4__Alicyclobacillaceae; D_5__Alicyclobacillus; D_6__Alicyclobacillus contaminans"
"105","D_0__Bacteria; D_1__Proteobacteria; D_2__Gammaproteobacteria; D_3__Pseudomonadales; D_4__Moraxellaceae; D_5__Acinetobacter; D_6__uncultured bacterium"
"106","D_0__Bacteria; D_1__Firmicutes; D_2__Bacilli; D_3__Bacillales; D_4__Bacillaceae; D_5__Bacillus"
"107","D_0__Bacteria; D_1__Bacteroidetes; D_2__Bacteroidia; D_3__Flavobacteriales; D_4__Weeksellaceae; D_5__Chryseobacterium"
"108","D_0__Bacteria; D_1__Firmicutes; D_2__Bacilli; D_3__Lactobacillales; D_4__Enterococcaceae; D_5__Enterococcus"
"109","D_0__Bacteria; D_1__Proteobacteria; D_2__Gammaproteobacteria; D_3__Enterobacteriales; D_4__Enterobacteriaceae; D_5__Escherichia-Shigella"
"110","D_0__Bacteria; D_1__Verrucomicrobia; D_2__Verrucomicrobiae; D_3__Chthoniobacterales; D_4__Chthoniobacteraceae; D_5__Candidatus Udaeobacter"
"111","D_0__Bacteria; D_1__Proteobacteria; D_2__Gammaproteobacteria; D_3__Xanthomonadales; D_4__Rhodanobacteraceae; D_5__Dyella"
"112","D_0__Bacteria; D_1__Chloroflexi; D_2__AD3; D_3__uncultured bacterium; D_4__uncultured bacterium; D_5__uncultured bacterium; D_6__uncultured bacterium"
"113","D_0__Bacteria; D_1__Firmicutes; D_2__Bacilli; D_3__Bacillales; D_4__Bacillaceae; D_5__Bacillus"
"114","D_0__Bacteria; D_1__Acidobacteria; D_2__Acidobacteriia; D_3__Solibacterales; D_4__Solibacteraceae (Subgroup 3); D_5__Bryobacter; D_6__uncultured Acidobacteria bacterium"
"115","D_0__Bacteria; D_1__Firmicutes; D_2__Bacilli; D_3__Bacillales; D_4__Bacillaceae; D_5__Bacillus; D_6__Bacillus subtilis"
"116","D_0__Bacteria; D_1__Proteobacteria; D_2__Alphaproteobacteria; D_3__Rickettsiales; D_4__Mitochondria"
"117","D_0__Bacteria; D_1__Bacteroidetes; D_2__Bacteroidia; D_3__Sphingobacteriales; D_4__Sphingobacteriaceae; D_5__Nubsella"
"118","D_0__Bacteria; D_1__Actinobacteria; D_2__Actinobacteria; D_3__Micrococcales; D_4__Dermabacteraceae; D_5__Brachybacterium"
"119","D_0__Bacteria; D_1__Actinobacteria; D_2__Actinobacteria; D_3__Frankiales; D_4__Acidothermaceae; D_5__Acidothermus; D_6__uncultured bacterium"
"120","D_0__Bacteria; D_1__Bacteroidetes; D_2__Bacteroidia; D_3__Bacteroidales; D_4__Prevotellaceae; D_5__Prevotella 9; D_6__uncultured bacterium"
"121","D_0__Bacteria; D_1__Proteobacteria; D_2__Gammaproteobacteria; D_3__Xanthomonadales; D_4__Rhodanobacteraceae; D_5__Dyella"
"122","D_0__Bacteria; D_1__Firmicutes; D_2__Clostridia; D_3__Clostridiales; D_4__Family XI; D_5__Anaerococcus; D_6__uncultured bacterium"
"123","D_0__Bacteria; D_1__Proteobacteria; D_2__Gammaproteobacteria; D_3__Betaproteobacteriales; D_4__Gallionellaceae; D_5__Sideroxydans; D_6__uncultured bacterium"
"124","D_0__Bacteria; D_1__Proteobacteria; D_2__Alphaproteobacteria; D_3__Rickettsiales; D_4__Mitochondria; D_5__Solanum melongena (eggplant); D_6__Solanum melongena (eggplant)"
"125","D_0__Bacteria; D_1__Actinobacteria; D_2__Thermoleophilia; D_3__Gaiellales; D_4__uncultured; D_5__uncultured bacterium; D_6__uncultured bacterium"
"126","D_0__Bacteria; D_1__Proteobacteria; D_2__Gammaproteobacteria; D_3__Gammaproteobacteria Incertae Sedis; D_4__Unknown Family; D_5__Acidibacter"
"127","D_0__Bacteria; D_1__Bacteroidetes; D_2__Bacteroidia; D_3__Bacteroidales; D_4__Prevotellaceae; D_5__Prevotella 6"
"128","D_0__Bacteria; D_1__Proteobacteria; D_2__Alphaproteobacteria; D_3__Acetobacterales; D_4__Acetobacteraceae; D_5__uncultured; D_6__metagenome"
"129","D_0__Bacteria; D_1__Actinobacteria; D_2__Actinobacteria; D_3__Corynebacteriales; D_4__Mycobacteriaceae; D_5__Mycobacterium"
"130","D_0__Bacteria; D_1__Actinobacteria; D_2__Actinobacteria; D_3__Frankiales; D_4__Acidothermaceae; D_5__Acidothermus; D_6__uncultured soil bacterium"
"131","D_0__Bacteria; D_1__Proteobacteria; D_2__Gammaproteobacteria; D_3__Pseudomonadales; D_4__Pseudomonadaceae; D_5__Pseudomonas"
"132","D_0__Bacteria; D_1__Proteobacteria; D_2__Gammaproteobacteria; D_3__Betaproteobacteriales; D_4__Burkholderiaceae; D_5__Kerstersia"
"133","D_0__Bacteria; D_1__Firmicutes; D_2__Bacilli; D_3__Bacillales; D_4__Bacillaceae; D_5__Bacillus; D_6__Bacillus alkalitelluris"
"134","D_0__Bacteria; D_1__Acidobacteria; D_2__Acidobacteriia; D_3__Acidobacteriales; D_4__uncultured"
"135","D_0__Bacteria; D_1__Cyanobacteria; D_2__Oxyphotobacteria; D_3__Chloroplast"
"136","D_0__Bacteria; D_1__Proteobacteria; D_2__Alphaproteobacteria; D_3__Rhodobacterales; D_4__Rhodobacteraceae; D_5__Paracoccus; D_6__metagenome"
"137","D_0__Bacteria; D_1__Proteobacteria; D_2__Gammaproteobacteria; D_3__Pseudomonadales; D_4__Pseudomonadaceae; D_5__Pseudomonas"
"138","D_0__Bacteria; D_1__Actinobacteria; D_2__Actinobacteria; D_3__Propionibacteriales; D_4__Propionibacteriaceae; D_5__Cutibacterium; D_6__uncultured bacterium"
"139","D_0__Bacteria; D_1__Bacteroidetes; D_2__Bacteroidia; D_3__Chitinophagales; D_4__Chitinophagaceae; D_5__uncultured; D_6__uncultured soil bacterium"
"140","D_0__Bacteria; D_1__Planctomycetes; D_2__Planctomycetacia; D_3__Pirellulales; D_4__Pirellulaceae; D_5__uncultured; D_6__metagenome"
"141","D_0__Bacteria; D_1__Actinobacteria; D_2__Actinobacteria; D_3__Corynebacteriales; D_4__Corynebacteriaceae; D_5__Lawsonella; D_6__uncultured bacterium"
"142","D_0__Bacteria; D_1__Proteobacteria; D_2__Alphaproteobacteria; D_3__Rhizobiales; D_4__Beijerinckiaceae; D_5__Roseiarcus; D_6__uncultured bacterium"
"143","D_0__Bacteria; D_1__Firmicutes; D_2__Bacilli; D_3__Bacillales; D_4__Bacillaceae; D_5__Bacillus"
"144","D_0__Bacteria; D_1__Patescibacteria; D_2__Gracilibacteria; D_3__Absconditabacteriales (SR1)"
"145","D_0__Bacteria; D_1__Proteobacteria; D_2__Gammaproteobacteria; D_3__Pseudomonadales; D_4__Pseudomonadaceae; D_5__Pseudomonas"
"146","D_0__Bacteria; D_1__Firmicutes; D_2__Clostridia; D_3__Clostridiales; D_4__Family XI; D_5__Anaerococcus; D_6__uncultured bacterium"
"147","D_0__Bacteria; D_1__Firmicutes; D_2__Bacilli; D_3__Bacillales; D_4__Alicyclobacillaceae; D_5__Alicyclobacillus"
"148","D_0__Bacteria; D_1__Firmicutes; D_2__Bacilli; D_3__Bacillales; D_4__Alicyclobacillaceae; D_5__Alicyclobacillus"
"149","D_0__Bacteria; D_1__Firmicutes; D_2__Bacilli; D_3__Bacillales; D_4__Alicyclobacillaceae; D_5__Alicyclobacillus"
"150","D_0__Bacteria; D_1__Acidobacteria; D_2__Subgroup 6; D_3__uncultured bacterium; D_4__uncultured bacterium; D_5__uncultured bacterium; D_6__uncultured bacterium"
"151","D_0__Bacteria; D_1__Proteobacteria; D_2__Alphaproteobacteria; D_3__Rickettsiales; D_4__Mitochondria"
"152","D_0__Bacteria; D_1__Acidobacteria; D_2__Subgroup 6"
"153","D_0__Bacteria; D_1__Proteobacteria; D_2__Gammaproteobacteria; D_3__Pasteurellales; D_4__Pasteurellaceae; D_5__Actinobacillus"
"154","D_0__Bacteria; D_1__Proteobacteria; D_2__Gammaproteobacteria; D_3__Enterobacteriales; D_4__Enterobacteriaceae; D_5__Salmonella"
"155","D_0__Bacteria; D_1__Actinobacteria; D_2__Thermoleophilia; D_3__Gaiellales; D_4__uncultured; D_5__uncultured bacterium; D_6__uncultured bacterium"
"156","D_0__Bacteria; D_1__Proteobacteria; D_2__Gammaproteobacteria; D_3__Betaproteobacteriales; D_4__Burkholderiaceae; D_5__Delftia"
"157","D_0__Bacteria; D_1__Acidobacteria; D_2__Holophagae; D_3__Holophagales; D_4__Holophagaceae; D_5__Holophaga"
"158","D_0__Bacteria; D_1__Firmicutes; D_2__Clostridia; D_3__Clostridiales; D_4__Family XI; D_5__Ezakiella; D_6__uncultured bacterium"
"159","D_0__Bacteria; D_1__Proteobacteria; D_2__Gammaproteobacteria; D_3__KF-JG30-C25"
"160","D_0__Bacteria; D_1__Actinobacteria; D_2__Actinobacteria; D_3__Corynebacteriales; D_4__Corynebacteriaceae; D_5__Corynebacterium 1"
"161","D_0__Bacteria; D_1__Firmicutes; D_2__Bacilli; D_3__Lactobacillales; D_4__Streptococcaceae; D_5__Streptococcus"
"162","D_0__Bacteria; D_1__Verrucomicrobia; D_2__Verrucomicrobiae; D_3__Pedosphaerales; D_4__Pedosphaeraceae; D_5__metagenome; D_6__metagenome"
"163","D_0__Bacteria; D_1__Firmicutes; D_2__Bacilli; D_3__Lactobacillales; D_4__Lactobacillaceae; D_5__Lactobacillus; D_6__uncultured bacterium"
"164","D_0__Bacteria; D_1__Firmicutes; D_2__Clostridia; D_3__Clostridiales; D_4__Lachnospiraceae; D_5__Blautia; D_6__uncultured bacterium"
"165","D_0__Bacteria; D_1__Cyanobacteria; D_2__Oxyphotobacteria; D_3__Chloroplast"
"166","D_0__Bacteria; D_1__Firmicutes; D_2__Clostridia; D_3__Clostridiales; D_4__Lachnospiraceae; D_5__Agathobacter; D_6__uncultured bacterium"
"167","D_0__Bacteria; D_1__Actinobacteria; D_2__Actinobacteria; D_3__Micrococcales; D_4__Microbacteriaceae; D_5__Leifsonia; D_6__Leifsonia sp. D24"
"168","D_0__Bacteria; D_1__Firmicutes; D_2__Bacilli; D_3__Bacillales; D_4__Planococcaceae; D_5__Sporosarcina"
"169","D_0__Bacteria; D_1__Proteobacteria; D_2__Gammaproteobacteria; D_3__Diplorickettsiales; D_4__Diplorickettsiaceae; D_5__uncultured; D_6__uncultured bacterium"
"170","D_0__Bacteria; D_1__Actinobacteria; D_2__Actinobacteria; D_3__Actinomycetales; D_4__Actinomycetaceae; D_5__Actinomyces"
"171","D_0__Bacteria; D_1__Actinobacteria; D_2__Actinobacteria; D_3__Actinomycetales; D_4__Actinomycetaceae; D_5__Actinomyces; D_6__uncultured bacterium"
"172","D_0__Bacteria; D_1__Proteobacteria; D_2__Alphaproteobacteria; D_3__Rhizobiales; D_4__Beijerinckiaceae"
"173","D_0__Bacteria; D_1__Bacteroidetes; D_2__Ignavibacteria; D_3__OPB56"
"174","D_0__Bacteria; D_1__Proteobacteria; D_2__Alphaproteobacteria; D_3__Rhizobiales; D_4__Xanthobacteraceae; D_5__Bradyrhizobium; D_6__uncultured bacterium"
"175","D_0__Bacteria; D_1__Actinobacteria; D_2__Actinobacteria; D_3__Corynebacteriales; D_4__Corynebacteriaceae; D_5__Corynebacterium 1"
"176","D_0__Bacteria; D_1__Actinobacteria; D_2__Acidimicrobiia; D_3__IMCC26256; D_4__uncultured bacterium; D_5__uncultured bacterium; D_6__uncultured bacterium"
"177","D_0__Bacteria; D_1__Actinobacteria; D_2__Thermoleophilia; D_3__Gaiellales; D_4__uncultured"
"178","D_0__Bacteria; D_1__Actinobacteria; D_2__Actinobacteria; D_3__Micrococcales; D_4__Sanguibacteraceae; D_5__Sanguibacter"
"179","D_0__Bacteria; D_1__Epsilonbacteraeota; D_2__Campylobacteria; D_3__Campylobacterales; D_4__Campylobacteraceae; D_5__Campylobacter"
"180","D_0__Bacteria; D_1__Proteobacteria; D_2__Gammaproteobacteria; D_3__Betaproteobacteriales; D_4__Burkholderiaceae; D_5__Polaromonas; D_6__uncultured bacterium"
"181","D_0__Bacteria; D_1__Firmicutes; D_2__Bacilli; D_3__Bacillales; D_4__Staphylococcaceae; D_5__Salinicoccus"
"182","D_0__Bacteria; D_1__Proteobacteria; D_2__Gammaproteobacteria; D_3__Pseudomonadales; D_4__Pseudomonadaceae; D_5__Pseudomonas; D_6__uncultured bacterium"
"183","D_0__Bacteria; D_1__Proteobacteria; D_2__Alphaproteobacteria; D_3__Rhizobiales; D_4__Rhizobiaceae; D_5__Allorhizobium-Neorhizobium-Pararhizobium-Rhizobium"
"184","D_0__Bacteria; D_1__Firmicutes; D_2__Bacilli; D_3__Bacillales; D_4__Planococcaceae; D_5__Planococcus"
"185","D_0__Bacteria; D_1__Bacteroidetes; D_2__Bacteroidia; D_3__Sphingobacteriales; D_4__Sphingobacteriaceae; D_5__Pedobacter; D_6__uncultured bacterium"
"186","D_0__Bacteria; D_1__Proteobacteria; D_2__Alphaproteobacteria; D_3__Sphingomonadales; D_4__Sphingomonadaceae; D_5__Sphingomonas"
"187","D_0__Bacteria; D_1__Proteobacteria; D_2__Alphaproteobacteria; D_3__Sphingomonadales; D_4__Sphingomonadaceae; D_5__Novosphingobium"
"188","D_0__Bacteria; D_1__Proteobacteria; D_2__Alphaproteobacteria; D_3__Rhizobiales; D_4__Beijerinckiaceae; D_5__Methylobacterium; D_6__Methylobacterium platani"
"189","D_0__Bacteria; D_1__Proteobacteria; D_2__Gammaproteobacteria; D_3__Betaproteobacteriales; D_4__Burkholderiaceae; D_5__Ralstonia"
"190","D_0__Bacteria; D_1__Actinobacteria; D_2__Actinobacteria; D_3__Micrococcales; D_4__Micrococcaceae; D_5__Arthrobacter; D_6__Arthrobacter sp. F7"
"191","D_0__Bacteria; D_1__Firmicutes; D_2__Bacilli; D_3__Bacillales; D_4__Bacillaceae; D_5__Bacillus; D_6__Bacillus subtilis"
"192","D_0__Bacteria; D_1__Proteobacteria; D_2__Alphaproteobacteria; D_3__Sphingomonadales; D_4__Sphingomonadaceae; D_5__Sphingomonas"
"193","D_0__Bacteria; D_1__Acidobacteria; D_2__Blastocatellia (Subgroup 4); D_3__11-24; D_4__uncultured bacterium; D_5__uncultured bacterium; D_6__uncultured bacterium"
"194","D_0__Bacteria; D_1__Proteobacteria; D_2__Deltaproteobacteria; D_3__RCP2-54; D_4__uncultured delta proteobacterium; D_5__uncultured delta proteobacterium; D_6__uncultured delta proteobacterium"
"195","D_0__Bacteria; D_1__Proteobacteria; D_2__Gammaproteobacteria; D_3__Betaproteobacteriales; D_4__Burkholderiaceae; D_5__Curvibacter"
"196","D_0__Bacteria; D_1__Proteobacteria; D_2__Alphaproteobacteria; D_3__Rhizobiales; D_4__Beijerinckiaceae; D_5__Roseiarcus; D_6__uncultured bacterium"
"197","D_0__Bacteria; D_1__Proteobacteria; D_2__Gammaproteobacteria; D_3__WD260; D_4__uncultured bacterium; D_5__uncultured bacterium; D_6__uncultured bacterium"
"198","D_0__Bacteria; D_1__Proteobacteria; D_2__Gammaproteobacteria; D_3__Pseudomonadales; D_4__Moraxellaceae; D_5__Alkanindiges"
"199","D_0__Bacteria; D_1__Firmicutes; D_2__Bacilli; D_3__Lactobacillales; D_4__Lactobacillaceae; D_5__Lactobacillus"
"200","D_0__Bacteria; D_1__Proteobacteria; D_2__Alphaproteobacteria; D_3__Rhizobiales; D_4__Xanthobacteraceae; D_5__Pseudolabrys; D_6__uncultured bacterium"
"201","D_0__Bacteria; D_1__Bacteroidetes; D_2__Bacteroidia; D_3__Cytophagales; D_4__Spirosomaceae; D_5__Dyadobacter"
"202","D_0__Bacteria; D_1__Firmicutes; D_2__Clostridia; D_3__Clostridiales; D_4__Family XI; D_5__Peptoniphilus; D_6__uncultured bacterium"
"203","D_0__Bacteria; D_1__Acidobacteria; D_2__Acidobacteriia; D_3__Solibacterales; D_4__Solibacteraceae (Subgroup 3); D_5__Candidatus Solibacter"
"204","D_0__Bacteria; D_1__Acidobacteria; D_2__Acidobacteriia; D_3__Acidobacteriales; D_4__uncultured; D_5__uncultured bacterium; D_6__uncultured bacterium"
"205","D_0__Bacteria; D_1__Firmicutes; D_2__Clostridia; D_3__Clostridiales; D_4__Family XI; D_5__Peptoniphilus; D_6__uncultured bacterium"
"206","D_0__Bacteria; D_1__Acidobacteria; D_2__Acidobacteriia; D_3__Acidobacteriales; D_4__uncultured; D_5__uncultured bacterium; D_6__uncultured bacterium"
"207","D_0__Bacteria; D_1__Actinobacteria; D_2__Actinobacteria; D_3__Corynebacteriales; D_4__Corynebacteriaceae; D_5__Corynebacterium 1"
"208","D_0__Bacteria; D_1__Acidobacteria; D_2__Acidobacteriia; D_3__Acidobacteriales; D_4__uncultured; D_5__uncultured bacterium; D_6__uncultured bacterium"
"209","D_0__Bacteria; D_1__Firmicutes; D_2__Clostridia; D_3__Clostridiales; D_4__Family XI; D_5__Finegoldia; D_6__uncultured bacterium"
"210","D_0__Bacteria; D_1__Firmicutes; D_2__Bacilli; D_3__Bacillales; D_4__Paenibacillaceae; D_5__Cohnella"
"211","D_0__Bacteria; D_1__Verrucomicrobia; D_2__Verrucomicrobiae; D_3__Chthoniobacterales; D_4__Xiphinematobacteraceae; D_5__Candidatus Xiphinematobacter; D_6__uncultured bacterium"
"212","D_0__Bacteria; D_1__Proteobacteria; D_2__Alphaproteobacteria; D_3__Sphingomonadales; D_4__Sphingomonadaceae; D_5__Sphingobium"
"213","D_0__Bacteria; D_1__Proteobacteria; D_2__Gammaproteobacteria; D_3__Xanthomonadales; D_4__Xanthomonadaceae; D_5__Stenotrophomonas; D_6__uncultured bacterium"
"214","D_0__Bacteria; D_1__Cyanobacteria; D_2__Oxyphotobacteria; D_3__Chloroplast"
"215","D_0__Bacteria; D_1__Bacteroidetes; D_2__Bacteroidia; D_3__Sphingobacteriales; D_4__Sphingobacteriaceae; D_5__Sphingobacterium"
"216","D_0__Bacteria; D_1__Proteobacteria; D_2__Gammaproteobacteria; D_3__Betaproteobacteriales; D_4__Neisseriaceae; D_5__uncultured; D_6__uncultured bacterium"
"217","D_0__Bacteria; D_1__Proteobacteria; D_2__Alphaproteobacteria; D_3__Rhizobiales; D_4__Devosiaceae"
"218","D_0__Bacteria; D_1__Proteobacteria; D_2__Alphaproteobacteria; D_3__Rhizobiales; D_4__Rhizobiaceae; D_5__Allorhizobium-Neorhizobium-Pararhizobium-Rhizobium"
"219","D_0__Bacteria; D_1__Acidobacteria; D_2__Acidobacteriia; D_3__Acidobacteriales; D_4__uncultured; D_5__uncultured Acidobacteria bacterium; D_6__uncultured Acidobacteria bacterium"
"220","D_0__Bacteria; D_1__Actinobacteria; D_2__Thermoleophilia; D_3__Gaiellales; D_4__uncultured; D_5__uncultured bacterium; D_6__uncultured bacterium"
"221","D_0__Bacteria; D_1__Actinobacteria; D_2__Thermoleophilia; D_3__Solirubrobacterales; D_4__Solirubrobacteraceae; D_5__Conexibacter"
"222","D_0__Bacteria; D_1__Bacteroidetes; D_2__Bacteroidia; D_3__Sphingobacteriales; D_4__Sphingobacteriaceae; D_5__Mucilaginibacter"
"223","D_0__Bacteria; D_1__Actinobacteria; D_2__Actinobacteria; D_3__Actinomycetales; D_4__Actinomycetaceae; D_5__Actinomyces"
"224","D_0__Bacteria; D_1__Firmicutes; D_2__Bacilli; D_3__Lactobacillales; D_4__Leuconostocaceae; D_5__Leuconostoc"
"225","D_0__Bacteria; D_1__Actinobacteria; D_2__Actinobacteria; D_3__Frankiales; D_4__Geodermatophilaceae; D_5__Geodermatophilus"
"226","D_0__Bacteria; D_1__Proteobacteria; D_2__Alphaproteobacteria; D_3__Rhodobacterales; D_4__Rhodobacteraceae; D_5__Rubellimicrobium; D_6__uncultured bacterium"
"227","D_0__Bacteria; D_1__Proteobacteria; D_2__Alphaproteobacteria; D_3__Rhodobacterales; D_4__Rhodobacteraceae; D_5__Paracoccus"
"228","D_0__Bacteria; D_1__Firmicutes; D_2__Clostridia; D_3__Clostridiales; D_4__Family XI; D_5__Anaerococcus; D_6__uncultured bacterium"
"229","D_0__Bacteria; D_1__Actinobacteria; D_2__Actinobacteria; D_3__Micrococcales; D_4__Micrococcaceae; D_5__Rothia"
"230","D_0__Bacteria; D_1__Proteobacteria; D_2__Gammaproteobacteria; D_3__Pseudomonadales; D_4__Moraxellaceae; D_5__Acinetobacter"
"231","D_0__Bacteria; D_1__Proteobacteria; D_2__Gammaproteobacteria; D_3__Betaproteobacteriales; D_4__Rhodocyclaceae; D_5__Denitratisoma; D_6__uncultured bacterium"
"232","D_0__Bacteria; D_1__Planctomycetes; D_2__Planctomycetacia; D_3__Pirellulales; D_4__Pirellulaceae; D_5__Pirellula; D_6__uncultured bacterium"
"233","D_0__Bacteria; D_1__Proteobacteria; D_2__Alphaproteobacteria; D_3__Rhizobiales; D_4__Beijerinckiaceae; D_5__Rhodoblastus"
"234","D_0__Bacteria; D_1__Bacteroidetes; D_2__Bacteroidia; D_3__Sphingobacteriales; D_4__Sphingobacteriaceae; D_5__Pedobacter"
"235","D_0__Bacteria; D_1__Firmicutes; D_2__Bacilli; D_3__Lactobacillales; D_4__Streptococcaceae; D_5__Lactococcus; D_6__Lactococcus lactis"
"236","D_0__Bacteria; D_1__Proteobacteria; D_2__Alphaproteobacteria; D_3__Rickettsiales; D_4__Mitochondria"
"237","D_0__Bacteria; D_1__Firmicutes; D_2__Clostridia; D_3__Clostridiales; D_4__Family XI; D_5__Anaerococcus; D_6__uncultured bacterium"
"238","D_0__Bacteria; D_1__Acidobacteria; D_2__Acidobacteriia; D_3__Acidobacteriales; D_4__uncultured; D_5__uncultured bacterium; D_6__uncultured bacterium"
"239","D_0__Bacteria; D_1__Proteobacteria; D_2__Alphaproteobacteria; D_3__Rhizobiales; D_4__Beijerinckiaceae; D_5__Salinarimonas; D_6__uncultured bacterium"
"240","D_0__Bacteria; D_1__Proteobacteria; D_2__Alphaproteobacteria; D_3__Rhizobiales; D_4__Beijerinckiaceae; D_5__Methylobacterium; D_6__Methylobacterium radiotolerans"
"241","D_0__Bacteria; D_1__Proteobacteria; D_2__Alphaproteobacteria; D_3__Rhizobiales; D_4__KF-JG30-B3; D_5__uncultured bacterium; D_6__uncultured bacterium"
"242","D_0__Bacteria; D_1__Proteobacteria; D_2__Gammaproteobacteria; D_3__Betaproteobacteriales; D_4__Burkholderiaceae"
"243","D_0__Bacteria; D_1__Proteobacteria; D_2__Gammaproteobacteria; D_3__Betaproteobacteriales; D_4__Rhodocyclaceae; D_5__Zoogloea; D_6__uncultured bacterium"
"244","D_0__Bacteria; D_1__Bacteroidetes; D_2__Bacteroidia; D_3__Chitinophagales; D_4__Chitinophagaceae; D_5__Asinibacterium"
"245","D_0__Archaea; D_1__Thaumarchaeota; D_2__Nitrososphaeria; D_3__Nitrosotaleales; D_4__Nitrosotaleaceae; D_5__uncultured archaeon; D_6__uncultured archaeon"
"246","D_0__Bacteria; D_1__Proteobacteria; D_2__Alphaproteobacteria; D_3__Micropepsales; D_4__Micropepsaceae; D_5__uncultured; D_6__uncultured bacterium"
"247","D_0__Bacteria; D_1__Firmicutes; D_2__Clostridia; D_3__Clostridiales; D_4__Family XI; D_5__Finegoldia; D_6__uncultured bacterium"
"248","D_0__Bacteria; D_1__Bacteroidetes; D_2__Bacteroidia; D_3__Bacteroidales; D_4__Paludibacteraceae; D_5__F0058; D_6__uncultured bacterium"
"249","D_0__Bacteria; D_1__Firmicutes; D_2__Clostridia; D_3__Clostridiales; D_4__Family XI; D_5__Peptoniphilus; D_6__uncultured bacterium"
"250","D_0__Bacteria; D_1__Acidobacteria; D_2__Acidobacteriia; D_3__Acidobacteriales; D_4__uncultured; D_5__uncultured bacterium; D_6__uncultured bacterium"
"251","D_0__Bacteria; D_1__Proteobacteria; D_2__Alphaproteobacteria; D_3__Rhizobiales"
"252","D_0__Bacteria; D_1__Firmicutes; D_2__Bacilli; D_3__Bacillales; D_4__Alicyclobacillaceae; D_5__Alicyclobacillus"
"253","D_0__Bacteria; D_1__Proteobacteria; D_2__Gammaproteobacteria; D_3__Vibrionales; D_4__Vibrionaceae; D_5__Vibrio"
"254","D_0__Bacteria; D_1__Acidobacteria; D_2__Acidobacteriia; D_3__Acidobacteriales; D_4__Acidobacteriaceae (Subgroup 1); D_5__Granulicella"
"255","D_0__Bacteria; D_1__Proteobacteria; D_2__Alphaproteobacteria; D_3__Rhizobiales; D_4__Beijerinckiaceae; D_5__Methylobacterium; D_6__uncultured bacterium"
"256","D_0__Bacteria; D_1__Firmicutes; D_2__Clostridia; D_3__Clostridiales; D_4__Clostridiaceae 1; D_5__Clostridium sensu stricto 12; D_6__uncultured bacterium"
"257","D_0__Bacteria; D_1__Acidobacteria; D_2__Subgroup 6; D_3__uncultured bacterium; D_4__uncultured bacterium; D_5__uncultured bacterium; D_6__uncultured bacterium"
"258","D_0__Bacteria; D_1__Proteobacteria; D_2__Gammaproteobacteria; D_3__Xanthomonadales; D_4__Xanthomonadaceae; D_5__Xanthomonas"
"259","D_0__Bacteria; D_1__Acidobacteria; D_2__Acidobacteriia; D_3__Solibacterales; D_4__Solibacteraceae (Subgroup 3); D_5__Bryobacter; D_6__uncultured bacterium"
"260","D_0__Bacteria; D_1__Firmicutes; D_2__Bacilli; D_3__Bacillales; D_4__Staphylococcaceae; D_5__Staphylococcus; D_6__uncultured bacterium"
"261","D_0__Bacteria; D_1__Proteobacteria; D_2__Alphaproteobacteria; D_3__Acetobacterales; D_4__Acetobacteraceae; D_5__Roseomonas"
"262","D_0__Bacteria; D_1__Proteobacteria; D_2__Gammaproteobacteria; D_3__Betaproteobacteriales; D_4__Burkholderiaceae; D_5__Lautropia"
"263","D_0__Bacteria; D_1__Actinobacteria; D_2__Actinobacteria; D_3__Corynebacteriales; D_4__Corynebacteriaceae; D_5__Turicella; D_6__uncultured bacterium"
"264","D_0__Bacteria; D_1__Proteobacteria; D_2__Deltaproteobacteria; D_3__Myxococcales"
"265","D_0__Bacteria; D_1__Firmicutes; D_2__Clostridia; D_3__Clostridiales; D_4__Family XI; D_5__Peptoniphilus"
"266","D_0__Bacteria; D_1__Fusobacteria; D_2__Fusobacteriia; D_3__Fusobacteriales; D_4__Fusobacteriaceae; D_5__Fusobacterium; D_6__uncultured organism"
"267","D_0__Bacteria; D_1__Firmicutes; D_2__Negativicutes; D_3__Selenomonadales; D_4__Veillonellaceae; D_5__Negativicoccus; D_6__uncultured bacterium"
"268","D_0__Bacteria; D_1__Firmicutes; D_2__Bacilli; D_3__Lactobacillales; D_4__Lactobacillaceae; D_5__Lactobacillus; D_6__uncultured Bacillus sp."
"269","D_0__Bacteria; D_1__Firmicutes; D_2__Bacilli; D_3__Lactobacillales; D_4__Lactobacillaceae; D_5__Lactobacillus; D_6__Lactobacillus casei"
"270","D_0__Bacteria; D_1__Firmicutes; D_2__Bacilli; D_3__Bacillales; D_4__Bacillaceae; D_5__Anaerobacillus"
"271","D_0__Bacteria; D_1__Firmicutes; D_2__Bacilli; D_3__Lactobacillales; D_4__Lactobacillaceae; D_5__Lactobacillus; D_6__uncultured bacterium"
"272","D_0__Bacteria; D_1__Proteobacteria; D_2__Gammaproteobacteria; D_3__Enterobacteriales; D_4__Enterobacteriaceae; D_5__Escherichia-Shigella; D_6__uncultured bacterium"
"273","D_0__Bacteria; D_1__Firmicutes; D_2__Bacilli; D_3__Lactobacillales; D_4__Lactobacillaceae; D_5__Lactobacillus; D_6__Lactobacillus fermentum"
"274","D_0__Bacteria; D_1__Proteobacteria; D_2__Gammaproteobacteria; D_3__Enterobacteriales; D_4__Enterobacteriaceae; D_5__Escherichia-Shigella; D_6__uncultured bacterium"
"275","D_0__Bacteria; D_1__Firmicutes; D_2__Bacilli; D_3__Lactobacillales; D_4__Enterococcaceae; D_5__Enterococcus"
"276","D_0__Bacteria; D_1__Firmicutes; D_2__Bacilli; D_3__Lactobacillales; D_4__Streptococcaceae; D_5__Streptococcus; D_6__uncultured bacterium"
"277","D_0__Bacteria; D_1__Firmicutes; D_2__Bacilli; D_3__Lactobacillales; D_4__Carnobacteriaceae; D_5__Carnobacterium"
"278","D_0__Bacteria; D_1__Proteobacteria; D_2__Gammaproteobacteria; D_3__Enterobacteriales; D_4__Enterobacteriaceae; D_5__Escherichia-Shigella; D_6__uncultured Escherichia sp."
"279","D_0__Bacteria; D_1__Proteobacteria; D_2__Gammaproteobacteria; D_3__Enterobacteriales; D_4__Enterobacteriaceae; D_5__Escherichia-Shigella; D_6__uncultured bacterium"
"280","D_0__Bacteria; D_1__Proteobacteria; D_2__Gammaproteobacteria; D_3__Enterobacteriales; D_4__Enterobacteriaceae; D_5__Escherichia-Shigella; D_6__uncultured bacterium"
"281","D_0__Bacteria; D_1__Proteobacteria; D_2__Gammaproteobacteria; D_3__Enterobacteriales; D_4__Enterobacteriaceae; D_5__Escherichia-Shigella; D_6__metagenome"
"282","D_0__Bacteria; D_1__Firmicutes; D_2__Bacilli; D_3__Bacillales; D_4__Bacillaceae; D_5__Anaerobacillus"
"283","D_0__Bacteria; D_1__Firmicutes; D_2__Clostridia; D_3__Clostridiales; D_4__Ruminococcaceae; D_5__Fastidiosipila; D_6__uncultured bacterium"
"284","D_0__Bacteria; D_1__Firmicutes; D_2__Bacilli; D_3__Lactobacillales; D_4__Enterococcaceae; D_5__Enterococcus; D_6__Enterococcus durans"
"285","D_0__Bacteria; D_1__Firmicutes; D_2__Bacilli; D_3__Bacillales; D_4__Staphylococcaceae; D_5__Staphylococcus; D_6__Staphylococcus hominis subsp. hominis"
"286","D_0__Bacteria; D_1__Firmicutes; D_2__Bacilli; D_3__Bacillales; D_4__Bacillaceae"
"287","D_0__Bacteria; D_1__Firmicutes; D_2__Bacilli; D_3__Bacillales; D_4__Bacillaceae; D_5__Bacillus"
"288","D_0__Bacteria; D_1__Firmicutes; D_2__Bacilli; D_3__Lactobacillales; D_4__Enterococcaceae; D_5__Enterococcus"
"289","D_0__Bacteria; D_1__Firmicutes; D_2__Bacilli; D_3__Bacillales; D_4__Bacillaceae; D_5__Virgibacillus"
"290","D_0__Bacteria; D_1__Firmicutes; D_2__Bacilli; D_3__Lactobacillales; D_4__Enterococcaceae; D_5__Enterococcus; D_6__Enterococcus faecalis"
"291","D_0__Bacteria; D_1__Firmicutes; D_2__Bacilli; D_3__Bacillales; D_4__Staphylococcaceae; D_5__Staphylococcus"
"292","D_0__Bacteria; D_1__Firmicutes; D_2__Bacilli; D_3__Bacillales; D_4__Bacillaceae; D_5__Bacillus; D_6__Bacillus aerius"
"293","D_0__Bacteria; D_1__Firmicutes; D_2__Bacilli; D_3__Lactobacillales; D_4__Lactobacillaceae; D_5__Lactobacillus; D_6__Lactobacillus fermentum"
"294","D_0__Bacteria; D_1__Firmicutes; D_2__Bacilli; D_3__Bacillales; D_4__Planococcaceae"
"295","D_0__Bacteria; D_1__Firmicutes; D_2__Bacilli; D_3__Bacillales; D_4__Bacillaceae; D_5__Bacillus"
"296","D_0__Bacteria; D_1__Firmicutes; D_2__Bacilli; D_3__Bacillales; D_4__Bacillaceae; D_5__Bacillus"
"297","D_0__Bacteria; D_1__Firmicutes; D_2__Bacilli; D_3__Bacillales; D_4__Staphylococcaceae; D_5__Staphylococcus; D_6__Staphylococcus hominis subsp. hominis"
"298","D_0__Bacteria; D_1__Firmicutes; D_2__Bacilli; D_3__Bacillales; D_4__Bacillaceae; D_5__Bacillus; D_6__uncultured bacterium"
"299","D_0__Bacteria; D_1__Firmicutes; D_2__Bacilli; D_3__Bacillales; D_4__Listeriaceae; D_5__Listeria; D_6__Listeria monocytogenes"
"300","D_0__Bacteria; D_1__Firmicutes; D_2__Bacilli; D_3__Lactobacillales; D_4__Enterococcaceae; D_5__Enterococcus"
"301","D_0__Bacteria; D_1__Firmicutes; D_2__Bacilli; D_3__Bacillales; D_4__Staphylococcaceae; D_5__Staphylococcus; D_6__uncultured bacterium"
"302","D_0__Bacteria; D_1__Proteobacteria; D_2__Gammaproteobacteria; D_3__Enterobacteriales; D_4__Enterobacteriaceae; D_5__Escherichia-Shigella; D_6__uncultured bacterium"
"303","D_0__Bacteria; D_1__Firmicutes; D_2__Clostridia; D_3__Clostridiales; D_4__Lachnospiraceae; D_5__uncultured; D_6__uncultured bacterium"
"304","D_0__Bacteria; D_1__Firmicutes; D_2__Bacilli; D_3__Bacillales; D_4__Staphylococcaceae; D_5__Staphylococcus; D_6__uncultured Staphylococcus sp."
"305","D_0__Bacteria; D_1__Proteobacteria; D_2__Gammaproteobacteria; D_3__Enterobacteriales; D_4__Enterobacteriaceae; D_5__Escherichia-Shigella"
"306","D_0__Bacteria; D_1__Proteobacteria; D_2__Gammaproteobacteria; D_3__Enterobacteriales; D_4__Enterobacteriaceae; D_5__Escherichia-Shigella; D_6__uncultured Escherichia sp."
"307","D_0__Bacteria; D_1__Proteobacteria; D_2__Alphaproteobacteria; D_3__Caulobacterales; D_4__Caulobacteraceae; D_5__Phenylobacterium"
"308","D_0__Bacteria; D_1__Firmicutes; D_2__Bacilli; D_3__Bacillales; D_4__Bacillaceae; D_5__Bacillus; D_6__uncultured bacterium"
"309","D_0__Bacteria; D_1__Proteobacteria; D_2__Gammaproteobacteria; D_3__Enterobacteriales; D_4__Enterobacteriaceae; D_5__Escherichia-Shigella; D_6__uncultured bacterium"
"310","D_0__Bacteria; D_1__Firmicutes; D_2__Bacilli; D_3__Bacillales; D_4__Bacillaceae; D_5__Bacillus; D_6__Bacillus cereus"
"311","D_0__Bacteria; D_1__Firmicutes; D_2__Bacilli; D_3__Lactobacillales; D_4__Lactobacillaceae; D_5__Lactobacillus"
